{
  "accuracy": [
    0.9168258309364319,
    0.9429908394813538,
    0.9491978883743286,
    0.9519193768501282,
    0.9544499516487122,
    0.9650974273681641,
    0.9742169380187988,
    0.9783231616020203,
    0.9826680421829224,
    0.9856283664703369
  ],
  "loss": [
    0.2794327437877655,
    0.1854250282049179,
    0.15910066664218903,
    0.15177160501480103,
    0.14209559559822083,
    0.11101912707090378,
    0.08191200345754623,
    0.06477278470993042,
    0.053921785205602646,
    0.04574292153120041
  ],
  "top3": [
    0.9792780876159668,
    0.9884931445121765,
    0.9911191463470459,
    0.9921218752861023,
    0.9935542345046997,
    0.9959893226623535,
    0.9976126551628113,
    0.998137891292572,
    0.9986631274223328,
    0.9991883039474487
  ],
  "val_accuracy": [
    0.9679083228111267,
    0.969245433807373,
    0.9765043258666992,
    0.9810888171195984,
    0.9782235026359558,
    0.9787965416908264,
    0.9768863320350647,
    0.9812798500061035,
    0.9763132929801941,
    0.9805157780647278
  ],
  "val_loss": [
    0.10444966703653336,
    0.1034984365105629,
    0.08729322999715805,
    0.08440157771110535,
    0.09063539654016495,
    0.08704260736703873,
    0.09195194393396378,
    0.07929418236017227,
    0.09714648127555847,
    0.08758759498596191
  ],
  "val_top3": [
    0.9942693114280701,
    0.9938873052597046,
    0.9957975149154663,
    0.995415449142456,
    0.9969436526298523,
    0.9961795806884766,
    0.9961795806884766,
    0.9961795806884766,
    0.9957975149154663,
    0.9963705539703369
  ],
  "learning_rate": [
    0.0010000000474974513,
    0.0010000000474974513,
    0.0010000000474974513,
    0.0010000000474974513,
    0.0010000000474974513,
    2.9999999242136255e-05,
    2.9999999242136255e-05,
    2.9999999242136255e-05,
    2.9999999242136255e-05,
    2.9999999242136255e-05
  ]
}